FullName,CorrectBRName
Gary Matthews Jr.,Gary Matthews
Marcos Scutaro,Marco Scutaro
Fausto Carmona,Roberto Hernandez
Vicente Padillia,Vicente Padilla
Covelli Crisp,Coco Crisp
Benji Molina,Bengie Molina
Jared Weaver,Jered Weaver
B.J. Upton,Melvin Upton Jr.
Manuel Corpas,Manny Corpas
Jerry Hairston Jr.,Jerry Hairston
Bobby Howry,Bob Howry
Leo Nunez,Juan Carlos Oviedo
Noel Arguelles,Noel Arguelles
Kendry Morales,Kendrys Morales
Hong-Chih Kuo,Hung-Chih Kuo
Robinson Tejeda,Rob Tejeda
Ron Belliard,Ronnie Belliard
Shin Soo Choo,Shin-Soo Choo
Yuniel Escobar,Yunel Escobar
Anthony Gwynn,Tony Gwynn
Dan Murphy,Daniel Murphy
Daniel Ray Herrera,Danny Herrera
Juan Gutierrez,J.C. Gutierrez
Charles Haeger,Charlie Haeger
Michael Morse,Mike Morse
Matt Joyce,Matthew Joyce
Jonathan Meloan,Jon Meloan
Sam Gervacio,Sammy Gervacio
Ramon S. Ramirez,Ramon Ramirez
"Santiago (Garcia, Jairo) Casilla",Santiago Casilla
Zack Cox,Zack Cox
Tony Gwynn Jr.,Tony Gwynn
Chin-Lung Hu,Chin-lung Hu
Frank Hermann,Frank Hermann
Marcus Mateo,Marcos mateo
Samuel Deduno,Sam Deduno
Harry Barrera,Harry Barrera
Reegie Corona,Reegie Corona
Mike Crotta,Michael Crotta
Ivan DeJesus Jr.,Ivan De Jesus
Michael Dunn,Mike Dunn
John Mayberry Jr.,John Mayberry
"Juan Carlos (Nunez, Leo) Oviedo",Juan Carlos Oviedo
Roberto Hernandez Heredia,Roberto Hernandez
Norichika Aoki,Nori Aoki
Fernando Rodriguez,Fernando Rodriguez Jr.
Zach Britton,Zack Britton
Christopher Leroux,Chris Leroux
Henderson Alvarez,Henderson Alvarez III
Manuel Pina,Manny Pina
Alan Farina,Alan Farina
Robert Fish,Robert Fish
Brad Meyers,Brad Meyers
Tom Milone,Tommy Milone
Gustavo Nunez,Gustavo Nunez
Danny Otero,Dan Otero
David Winfree,David Winfree
Hiroyuki Nakajima,Hiroyuki Nakajima
J.C. (Juan) Gutierrez,J.C. Gutierrez
Clay Mortensen,Clayton Mortensen
Nate Eovaldi,Nathan Eovaldi
J.B. Shuck,JB Shuck
Cole DeVries,Cole De Vries
Michael Fiers,Mike Fiers
Donald Veal,Donnie Veal
Pedro Florimon Jr,Pedro Florimon
Drew Taylor,Drew Taylor
Alfredo Silverio,Alfredo Silverio
A.J. Ramos,AJ Ramos
Jackie Jr. Bradley,Jackie Bradley Jr.
Alexander Guerrero,Alex Guerrero
Erisbel Arruebarruena,Erisbel Arruebarrena
Suk-min Yoon,Suk-min Yoon
Juan (J.C.) Gutierrez,J.C. Gutierrez
Jacob Diekman,Jake Diekman
Vidal Nuno,Vidal Nuno III
Steve Wright,Steven Wright
D.J. LeMahieu,DJ LeMahieu
Michael Almanzar,Michael Almanzar
Nick Castellanos,Nicholas Castellanos
Nick Christani,Nick Christiani
Melvin Jr. (B.J.) Upton,Melvin Upton Jr.
Jung-Ho Kang,Jung Ho Kang
Jonathan Singleton,Jon Singleton
Dian Toscano,Dian Toscano
Steve Tolleson,Steven Tolleson
Kris Negron,Kristopher Negron
Carlos Sanchez,Yolmer Sanchez
"Jose ""Jumbo"" Diaz",Jumbo Diaz
Steven Souza,Steven Souza Jr.
Daniel Winkler,Dan Winkler
Delino DeShields Jr.,Delino DeShields
Hyun-soo Kim,Hyun Soo Kim
Byung Ho Park,ByungHo Park
Seung-hwan Oh,Seunghwan Oh
Yaisel Sierra,Yaisel Sierra
Miguel Jean Sano,Miguel Sano
"Enrique ""Kike"" Hernandez",Enrique Hernandez
Felipe Rivero,Felipe Vazquez
Vincent Velasquez,Vince Velasquez
Ronnie Torreyes,Ronald Torreyes
Reymond Fuentes,Rey Fuentes
Zach Jones,Zach Jones
Jose A. Ramirez,Jose Ramirez
Yulieski Gurriel,Yuli Gurriel
Lourdes Gurriel,Lourdes Gurriel Jr.
Carl (C.J.) Edwards,Carl Edwards Jr.
J.C. Ramirez,JC Ramirez
Yolmer Carlos Sanchez,Yolmer Sanchez
Matt Boyd,Matthew Boyd
Daniel Coulombe,Danny Coulombe
Raul A. Mondesi,Adalberto Mondesi
"Alex ""Chi Chi"" Gonzalez",Chi Chi Gonzalez
Armando Rivero,Armando Rivero
Nick Travieso,Nick Travieso
Kevin Gadea,Kevin Gadea
Jose Marmolejos,Jose Marmolejos
Raffy Lopez,Rafael Lopez
Jose O. Berrios,Jose Berrios
Jacob Faria,Jake Faria
Jake Junis,Jakob Junis
Nick Delmonico,Nicky Delmonico
Mark Leiter,Mark Leiter Jr.
Giovanny Urshela,Gio Urshela
Clayton Blackburn,Clayton Blackburn
Dan Vogelbach,Daniel Vogelbach
J.T. Riddle,JT Riddle
Phillip Ervin,Phil Ervin
Nestor Cortes,Nestor Cortes Jr.
Rayan Gonzalez,Rayan Gonzalez
Julian Fernandez,Julian Fernandez
Carl  Edwards,Carl Edwards Jr.
Chase Bradford,Chasen Bradford
Tom Pannone,Thomas Pannone
Ronald Acuna,Ronald Acuna Jr.
D.J. Johnson,DJ Johnson
Riley Ferrell,Riley Ferrell
Caleb Frarae,Caleb Frare
Fernando  Tatis Jr.,Fernando Tatis Jr.
Shogo Akiyama,Shogo Akiyama
Yoshitomo Tsutsugo,Yoshitomo Tsutsugo
Kwang-hyun Kim,Gwang-hyun Kim
Shun Yamaguchi,Shun Yamaguchi
Luis Robert,Luis Robert
Evan White,Evan White
